conflict_year,horizon_years,case,trade_scenario,conditional_broad_control_rate,kernel_uncertainty_low_rate,kernel_uncertainty_mid_rate,kernel_uncertainty_high_rate,importance_sampling_effective_sample_size,mechanical_majority_control_share,status_quo_settlement_share,unification_settlement_share
pathwise_2026_2100,5,timely_full,baseline,0.0,0.0,0.0,0.0,64.13008387398015,0.0,0.0,0.0
pathwise_2026_2100,10,timely_full,baseline,0.0,0.0,0.0,0.0,64.13008387398015,0.0,0.009640078193874814,0.0
pathwise_2026_2100,15,timely_full,baseline,0.0,0.0,0.0,0.0,64.13008387398015,0.0,0.030039001111579592,0.0
pathwise_2026_2100,20,timely_full,baseline,0.0,0.0,0.0,0.0,64.13008387398015,0.0,0.05187052014258883,0.0
pathwise_2026_2100,30,timely_full,baseline,0.0,0.0,0.0,0.0,64.13008387398015,0.0,0.10659185863774004,0.0
pathwise_2026_2100,5,timely_full,blockade,0.0,0.0,0.0,0.0,57.46969380607261,0.0,0.0028485812585549923,0.0
pathwise_2026_2100,10,timely_full,blockade,0.0,0.0,0.0,0.0,57.46969380607261,0.0,0.012837112944397171,0.0
pathwise_2026_2100,15,timely_full,blockade,0.0,0.0,0.0,0.0,57.46969380607261,0.0,0.04615213871253233,0.0
pathwise_2026_2100,20,timely_full,blockade,0.021641818652658053,0.0,0.0,0.06847526606760188,57.46969380607261,0.0,0.09918526591975593,0.021641818652658053
pathwise_2026_2100,30,timely_full,blockade,0.021641818652658053,0.0,0.0,0.06847526606760188,57.46969380607261,0.0,0.1803143399458741,0.021641818652658053
pathwise_2026_2100,5,timely_full,fab_low_sub,0.0,0.0,0.0,0.0,54.70460965912005,0.0,0.0,0.0
pathwise_2026_2100,10,timely_full,fab_low_sub,0.0,0.0,0.0,0.0,54.70460965912005,0.0,0.0,0.0
pathwise_2026_2100,15,timely_full,fab_low_sub,0.0,0.0,0.0,0.0,54.70460965912005,0.0,0.029955375895678215,0.0
pathwise_2026_2100,20,timely_full,fab_low_sub,0.0,0.0,0.0,0.0,54.70460965912005,0.0,0.04289819251069943,0.0
pathwise_2026_2100,30,timely_full,fab_low_sub,0.0,0.0,0.0,0.0,54.70460965912005,0.0,0.13158022902575778,0.0
pathwise_2026_2100,5,timely_full,fab_huawei,0.0,0.0,0.0,0.0,59.55781160362529,0.0,0.0,0.0
pathwise_2026_2100,10,timely_full,fab_huawei,0.0,0.0,0.0,0.0,59.55781160362529,0.0,0.02243509559126161,0.0
pathwise_2026_2100,15,timely_full,fab_huawei,0.0,0.0,0.0,0.0,59.55781160362529,0.0,0.05198808841687313,0.0
pathwise_2026_2100,20,timely_full,fab_huawei,0.0,0.0,0.0,0.0,59.55781160362529,0.0,0.08199301122561797,0.0
pathwise_2026_2100,30,timely_full,fab_huawei,0.0,0.0,0.0,0.0,59.55781160362529,0.0,0.15947479279817292,0.0
pathwise_2026_2100,5,timely_full,fab_global,0.0,0.0,0.0,0.0,58.35376054056137,0.0,0.0,0.0
pathwise_2026_2100,10,timely_full,fab_global,0.0,0.0,0.0,0.0,58.35376054056137,0.0,0.002789279802939193,0.0
pathwise_2026_2100,15,timely_full,fab_global,0.0,0.0,0.0,0.0,58.35376054056137,0.0,0.052670296538618,0.0
pathwise_2026_2100,20,timely_full,fab_global,0.0,0.0,0.0,0.0,58.35376054056137,0.0,0.11402051973673208,0.0
pathwise_2026_2100,30,timely_full,fab_global,0.0,0.0,0.0,0.0,58.35376054056137,0.0,0.1748440956993262,0.0
pathwise_2026_2100,5,timely_full,combined,0.0,0.0,0.0,0.0,49.94330933713964,0.0,0.0,0.0
pathwise_2026_2100,10,timely_full,combined,0.0,0.0,0.0,0.0,49.94330933713964,0.0,0.0,0.0
pathwise_2026_2100,15,timely_full,combined,0.0,0.0,0.0,0.0,49.94330933713964,0.0,0.005502887653917402,0.0
pathwise_2026_2100,20,timely_full,combined,0.0,0.0,0.0,0.0,49.94330933713964,0.0,0.041720242635574445,0.0
pathwise_2026_2100,30,timely_full,combined,0.0,0.0,0.0,0.0,49.94330933713964,0.0,0.15719734117903453,0.0
pathwise_2026_2100,5,limited,baseline,0.0,0.0,0.0,0.0,64.13008387398015,0.0,0.0,0.0
pathwise_2026_2100,10,limited,baseline,0.0,0.0,0.0,0.0,64.13008387398015,0.0,0.03025700486795201,0.0
pathwise_2026_2100,15,limited,baseline,0.0,0.0,0.0,0.0,64.13008387398015,0.0,0.06887481313963739,0.0
pathwise_2026_2100,20,limited,baseline,0.0,0.0,0.0,0.0,64.13008387398015,0.0,0.07423147686764536,0.0
pathwise_2026_2100,30,limited,baseline,0.004266644946145886,0.012384051622234276,0.0,0.0,64.13008387398015,0.004266644946145886,0.11029792249607114,0.0023980413200965925
pathwise_2026_2100,5,limited,blockade,0.0,0.0,0.0,0.0,57.46969380607261,0.0,0.0028485812585549923,0.0
pathwise_2026_2100,10,limited,blockade,0.0,0.0,0.0,0.0,57.46969380607261,0.0,0.009988531685842178,0.0
pathwise_2026_2100,15,limited,blockade,0.021641818652658053,0.0615132004658988,0.0,0.0,57.46969380607261,0.0,0.021661738801319278,0.021641818652658053
pathwise_2026_2100,20,limited,blockade,0.08865889022006071,0.18453960139769643,0.0062977148291905516,0.06847526606760188,57.46969380607261,0.0,0.03153928680176322,0.08865889022006071
pathwise_2026_2100,30,limited,blockade,0.11703371912021238,0.19631648764074025,0.07925695533335048,0.06847526606760188,57.46969380607261,0.02371351411342532,0.1374177226716903,0.09332020500678707
pathwise_2026_2100,5,limited,fab_low_sub,0.0,0.0,0.0,0.0,54.70460965912005,0.0,0.0,0.0
pathwise_2026_2100,10,limited,fab_low_sub,0.0,0.0,0.0,0.0,54.70460965912005,0.0,0.002237293088438522,0.0
pathwise_2026_2100,15,limited,fab_low_sub,0.0,0.0,0.0,0.0,54.70460965912005,0.0,0.032235284090563185,0.0
pathwise_2026_2100,20,limited,fab_low_sub,0.0,0.0,0.0,0.0,54.70460965912005,0.0,0.07291749106604732,0.0
pathwise_2026_2100,30,limited,fab_low_sub,0.0675297240367464,0.018050020736787062,0.02821139413335189,0.16506689794287605,54.70460965912005,0.018857184602553253,0.13829210829107333,0.04867253943419314
pathwise_2026_2100,5,limited,fab_huawei,0.0,0.0,0.0,0.0,59.55781160362529,0.0,0.0,0.0
pathwise_2026_2100,10,limited,fab_huawei,0.0,0.0,0.0,0.0,59.55781160362529,0.0,0.02243509559126161,0.0
pathwise_2026_2100,15,limited,fab_huawei,0.0,0.0,0.0,0.0,59.55781160362529,0.0,0.05394645167711755,0.0
pathwise_2026_2100,20,limited,fab_huawei,0.0,0.0,0.0,0.0,59.55781160362529,0.0,0.08590973774610682,0.0
pathwise_2026_2100,30,limited,fab_huawei,0.08358283634485486,0.021384793457429652,0.08219588007027435,0.17425164937024046,59.55781160362529,0.05918937749334883,0.13359373108551967,0.02439345885150603
pathwise_2026_2100,5,limited,fab_global,0.0,0.0,0.0,0.0,58.35376054056137,0.0,0.0,0.0
pathwise_2026_2100,10,limited,fab_global,0.0,0.0,0.0,0.0,58.35376054056137,0.0,0.002789279802939193,0.0
pathwise_2026_2100,15,limited,fab_global,0.0,0.0,0.0,0.0,58.35376054056137,0.0,0.052670296538618,0.0
pathwise_2026_2100,20,limited,fab_global,0.004221537364088789,0.007491284178984067,0.0,0.004850108550048502,58.35376054056137,0.0,0.13774751026822782,0.004221537364088789
pathwise_2026_2100,30,limited,fab_global,0.07516844352056709,0.08053130492407873,0.015938378064141074,0.11182304692397536,58.35376054056137,0.047219915624982574,0.200744551012333,0.04913980951531735
pathwise_2026_2100,5,limited,combined,0.0,0.0,0.0,0.0,49.94330933713964,0.0,0.0,0.0
pathwise_2026_2100,10,limited,combined,0.0,0.0,0.0,0.0,49.94330933713964,0.0,0.0,0.0
pathwise_2026_2100,15,limited,combined,0.0,0.0,0.0,0.0,49.94330933713964,0.0,0.011971958882714032,0.0
pathwise_2026_2100,20,limited,combined,0.0026442918891431476,0.0,0.0,0.0075570411277430605,49.94330933713964,0.0026442918891431476,0.04554502197522792,0.0
pathwise_2026_2100,30,limited,combined,0.20217209690893898,0.18979812545061284,0.20752039730400848,0.20856603068490875,49.94330933713964,0.1808543096872616,0.13524027459954233,0.027623406341941808
pathwise_2026_2100,5,delayed,baseline,0.0,0.0,0.0,0.0,64.13008387398015,0.0,0.0,0.0
pathwise_2026_2100,10,delayed,baseline,0.0,0.0,0.0,0.0,64.13008387398015,0.0,0.027858963547855418,0.0
pathwise_2026_2100,15,delayed,baseline,0.0018686036260492926,0.0,0.006772597030476687,0.0,64.13008387398015,0.0,0.0664767718195408,0.0018686036260492926
pathwise_2026_2100,20,delayed,baseline,0.0018686036260492926,0.0,0.006772597030476687,0.0,64.13008387398015,0.0,0.07183343554754877,0.0018686036260492926
pathwise_2026_2100,30,delayed,baseline,0.020087488980029898,0.0,0.006772597030476687,0.047999242615501134,64.13008387398015,0.0,0.11060935643374604,0.020087488980029898
pathwise_2026_2100,5,delayed,blockade,0.0,0.0,0.0,0.0,57.46969380607261,0.0,0.0028485812585549923,0.0
pathwise_2026_2100,10,delayed,blockade,0.0,0.0,0.0,0.0,57.46969380607261,0.0,0.009988531685842178,0.0
pathwise_2026_2100,15,delayed,blockade,0.021641818652658053,0.0615132004658988,0.0,0.0,57.46969380607261,0.0,0.043303557453977334,0.021641818652658053
pathwise_2026_2100,20,delayed,blockade,0.043283637305316106,0.0615132004658988,0.0,0.06847526606760188,57.46969380607261,0.0,0.09633668466120095,0.043283637305316106
pathwise_2026_2100,30,delayed,blockade,0.043283637305316106,0.0615132004658988,0.0,0.06847526606760188,57.46969380607261,0.0,0.18238603540664133,0.043283637305316106
pathwise_2026_2100,5,delayed,fab_low_sub,0.0,0.0,0.0,0.0,54.70460965912005,0.0,0.0,0.0
pathwise_2026_2100,10,delayed,fab_low_sub,0.0,0.0,0.0,0.0,54.70460965912005,0.0,0.002237293088438522,0.0
pathwise_2026_2100,15,delayed,fab_low_sub,0.0,0.0,0.0,0.0,54.70460965912005,0.0,0.057600404234724,0.0
pathwise_2026_2100,20,delayed,fab_low_sub,0.0,0.0,0.0,0.0,54.70460965912005,0.0,0.09606662567499283,0.0
pathwise_2026_2100,30,delayed,fab_low_sub,0.023149134608945517,0.0,0.0,0.07410908311326363,54.70460965912005,0.0,0.13845039297216014,0.023149134608945517
pathwise_2026_2100,5,delayed,fab_huawei,0.0,0.0,0.0,0.0,59.55781160362529,0.0,0.0,0.0
pathwise_2026_2100,10,delayed,fab_huawei,0.0,0.0,0.0,0.0,59.55781160362529,0.0,0.02243509559126161,0.0
pathwise_2026_2100,15,delayed,fab_huawei,0.0,0.0,0.0,0.0,59.55781160362529,0.0,0.05198808841687313,0.0
pathwise_2026_2100,20,delayed,fab_huawei,0.0,0.0,0.0,0.0,59.55781160362529,0.0,0.0634934725708091,0.0
pathwise_2026_2100,30,delayed,fab_huawei,0.0,0.0,0.0,0.0,59.55781160362529,0.0,0.181156671750879,0.0
pathwise_2026_2100,5,delayed,fab_global,0.0,0.0,0.0,0.0,58.35376054056137,0.0,0.0,0.0
pathwise_2026_2100,10,delayed,fab_global,0.0,0.0,0.0,0.0,58.35376054056137,0.0,0.002789279802939193,0.0
pathwise_2026_2100,15,delayed,fab_global,0.0,0.0,0.0,0.0,58.35376054056137,0.0,0.03147901491888517,0.0
pathwise_2026_2100,20,delayed,fab_global,0.0,0.0,0.0,0.0,58.35376054056137,0.0,0.12077776601258379,0.0
pathwise_2026_2100,30,delayed,fab_global,0.021191281619732827,0.07304002074509466,0.0,0.0,58.35376054056137,0.0,0.22373033432346726,0.021191281619732827
pathwise_2026_2100,5,delayed,combined,0.0,0.0,0.0,0.0,49.94330933713964,0.0,0.0,0.0
pathwise_2026_2100,10,delayed,combined,0.0,0.0,0.0,0.0,49.94330933713964,0.0,0.0,0.0
pathwise_2026_2100,15,delayed,combined,0.0,0.0,0.0,0.0,49.94330933713964,0.0,0.011971958882714032,0.0
pathwise_2026_2100,20,delayed,combined,0.0,0.0,0.0,0.0,49.94330933713964,0.0,0.04554502197522792,0.0
pathwise_2026_2100,30,delayed,combined,0.027623406341941808,0.08567276496034607,0.0,0.0,49.94330933713964,0.0,0.13524027459954233,0.027623406341941808
pathwise_2026_2100,5,japan_only,baseline,0.0,0.0,0.0,0.0,64.13008387398015,0.0,0.0,0.0
pathwise_2026_2100,10,japan_only,baseline,0.0,0.0,0.0,0.0,64.13008387398015,0.0,0.009640078193874814,0.0
pathwise_2026_2100,15,japan_only,baseline,0.0018686036260492926,0.0,0.006772597030476687,0.0,64.13008387398015,0.0,0.030039001111579592,0.0018686036260492926
pathwise_2026_2100,20,japan_only,baseline,0.006010674997125226,0.006960379378919995,0.013093687592254929,0.0,64.13008387398015,0.0023980413200965925,0.03365163478860823,0.003612633677028633
pathwise_2026_2100,30,japan_only,baseline,0.034195446356702054,0.06526485599454852,0.019866284622731618,0.016409997475385005,64.13008387398015,0.026534171489899956,0.06610544674000536,0.011927919812947985
pathwise_2026_2100,5,japan_only,blockade,0.0,0.0,0.0,0.0,57.46969380607261,0.0,0.0028485812585549923,0.0
pathwise_2026_2100,10,japan_only,blockade,0.002071695460767267,0.0,0.006237736592722069,0.0,57.46969380607261,0.0,0.007916836225074912,0.002071695460767267
pathwise_2026_2100,15,japan_only,blockade,0.04742702822685064,0.1230264009317976,0.006237736592722069,0.006554897264590949,57.46969380607261,0.0,0.020366929138339738,0.04742702822685064
pathwise_2026_2100,20,japan_only,blockade,0.12132508828894456,0.2582502911867478,0.012535451421912622,0.08322378491293152,57.46969380607261,0.002071695460767267,0.02543518410485966,0.1192533928281773
pathwise_2026_2100,30,japan_only,blockade,0.23166279172346274,0.3338051637116604,0.18663513525092323,0.16527705245718605,57.46969380607261,0.08066806487138696,0.05965515376931898,0.1747082409655011
pathwise_2026_2100,5,japan_only,fab_low_sub,0.0,0.0,0.0,0.0,54.70460965912005,0.0,0.0,0.0
pathwise_2026_2100,10,japan_only,fab_low_sub,0.0,0.0,0.0,0.0,54.70460965912005,0.0,0.002237293088438522,0.0
pathwise_2026_2100,15,japan_only,fab_low_sub,0.0,0.0,0.0,0.0,54.70460965912005,0.0,0.032235284090563185,0.0
pathwise_2026_2100,20,japan_only,fab_low_sub,0.03341937526253949,0.008204554880357755,0.07252867665602797,0.016848731716348823,54.70460965912005,0.03870364846189905,0.06528025520360888,0.0022159855352152976
pathwise_2026_2100,30,japan_only,fab_low_sub,0.40704732103177255,0.4019330291937898,0.4324500604405639,0.3841101550395152,54.70460965912005,0.42849185138286017,0.10081516610759705,0.07851224575523101
pathwise_2026_2100,5,japan_only,fab_huawei,0.0,0.0,0.0,0.0,59.55781160362529,0.0,0.0,0.0
pathwise_2026_2100,10,japan_only,fab_huawei,0.0,0.0,0.0,0.0,59.55781160362529,0.0,0.02243509559126161,0.0
pathwise_2026_2100,15,japan_only,fab_huawei,0.0,0.0,0.0,0.0,59.55781160362529,0.0,0.04684738485873153,0.0
pathwise_2026_2100,20,japan_only,fab_huawei,0.05437955124428699,0.004604593208225018,0.008784292526594207,0.1688173606441177,59.55781160362529,0.05207148025899892,0.07440435359217085,0.004406317335549943
pathwise_2026_2100,30,japan_only,fab_huawei,0.3878527676676377,0.2581987691568155,0.5833445952468289,0.3900965086058051,59.55781160362529,0.37792106827639826,0.07440435359217085,0.07793371155568826
pathwise_2026_2100,5,japan_only,fab_global,0.0,0.0,0.0,0.0,58.35376054056137,0.0,0.0,0.0
pathwise_2026_2100,10,japan_only,fab_global,0.0,0.0,0.0,0.0,58.35376054056137,0.0,0.002789279802939193,0.0
pathwise_2026_2100,15,japan_only,fab_global,0.005324988714702095,0.01835364623851097,0.0,0.0,58.35376054056137,0.0,0.026154026204183077,0.005324988714702095
pathwise_2026_2100,20,japan_only,fab_global,0.06160379408929038,0.025844930417495034,0.023941478538901273,0.11182304692397536,58.35376054056137,0.007626632188456114,0.06475253152917179,0.05397716190083427
pathwise_2026_2100,30,japan_only,fab_global,0.35419395108032337,0.2538392831417294,0.30917546749346,0.4538051906059666,58.35376054056137,0.3215529684513227,0.11592090817389945,0.08178079214431805
pathwise_2026_2100,5,japan_only,combined,0.0,0.0,0.0,0.0,49.94330933713964,0.0,0.0,0.0
pathwise_2026_2100,10,japan_only,combined,0.0,0.0,0.0,0.0,49.94330933713964,0.0,0.0,0.0
pathwise_2026_2100,15,japan_only,combined,0.0026442918891431476,0.0,0.0,0.0075570411277430605,49.94330933713964,0.0026442918891431476,0.005502887653917402,0.0
pathwise_2026_2100,20,japan_only,combined,0.1522138680033417,0.11437680245133382,0.1423820503724725,0.19628583885232628,49.94330933713964,0.1578802077657913,0.0390759507464313,0.0
pathwise_2026_2100,30,japan_only,combined,0.5450474011114743,0.770266312184571,0.39912202908832917,0.4741628085618785,49.94330933713964,0.5450474011114743,0.11635247539137697,0.03376194108459554
pathwise_2026_2100,5,taiwan_alone,baseline,0.0,0.0,0.0,0.0,64.13008387398015,0.0,0.0,0.0
pathwise_2026_2100,10,taiwan_alone,baseline,0.0017607995707002954,0.005110768075430766,0.0,0.0,64.13008387398015,0.0,0.007879278623174517,0.0017607995707002954
pathwise_2026_2100,15,taiwan_alone,baseline,0.003629403196749588,0.005110768075430766,0.006772597030476687,0.0,64.13008387398015,0.0,0.028278201540879296,0.003629403196749588
pathwise_2026_2100,20,taiwan_alone,baseline,0.027734389972785465,0.070014045920425,0.013093687592254929,0.0,64.13008387398015,0.024229560351105833,0.03189083521790793,0.005373433247728929
pathwise_2026_2100,30,taiwan_alone,baseline,0.10939236843113956,0.1403409960087335,0.1666058869497265,0.03971219389043171,64.13008387398015,0.09395961899651195,0.06060743991720649,0.017830790754724213
pathwise_2026_2100,5,taiwan_alone,blockade,0.0,0.0,0.0,0.0,57.46969380607261,0.0,0.0028485812585549923,0.0
pathwise_2026_2100,10,taiwan_alone,blockade,0.002071695460767267,0.0,0.006237736592722069,0.0,57.46969380607261,0.0,0.007916836225074912,0.002071695460767267
pathwise_2026_2100,15,taiwan_alone,blockade,0.04742702822685064,0.1230264009317976,0.006237736592722069,0.006554897264590949,57.46969380607261,0.0,0.020366929138339738,0.04742702822685064
pathwise_2026_2100,20,taiwan_alone,blockade,0.1504967231355452,0.265982917044131,0.09217798113256047,0.08322378491293152,57.46969380607261,0.07674664132064891,0.02543518410485966,0.09539190046755432
pathwise_2026_2100,30,taiwan_alone,blockade,0.3117560180191973,0.396369871877831,0.2140366209975238,0.32025355207001494,57.46969380607261,0.1887860945979402,0.058878267971531256,0.12998181575000778
pathwise_2026_2100,5,taiwan_alone,fab_low_sub,0.0,0.0,0.0,0.0,54.70460965912005,0.0,0.0,0.0
pathwise_2026_2100,10,taiwan_alone,fab_low_sub,0.002237293088438522,0.0,0.0,0.007162416316666505,54.70460965912005,0.0,0.0,0.002237293088438522
pathwise_2026_2100,15,taiwan_alone,fab_low_sub,0.004474586176877044,0.0,0.0,0.01432483263333301,54.70460965912005,0.0,0.02997668344890144,0.004474586176877044
pathwise_2026_2100,20,taiwan_alone,fab_low_sub,0.21935821649691647,0.2133364588780497,0.25444172920888086,0.18655414689287558,54.70460965912005,0.23856545375956553,0.035260956648260997,0.006711879265315566
pathwise_2026_2100,30,taiwan_alone,fab_low_sub,0.4943078393532244,0.44383937104423243,0.4606005791858352,0.5866262582952474,54.70460965912005,0.48983325317634735,0.04764673294330365,0.08300813948533127
pathwise_2026_2100,5,taiwan_alone,fab_huawei,0.0,0.0,0.0,0.0,59.55781160362529,0.0,0.0,0.0
pathwise_2026_2100,10,taiwan_alone,fab_huawei,0.0,0.0,0.0,0.0,59.55781160362529,0.0,0.0019771936762083076,0.0
pathwise_2026_2100,15,taiwan_alone,fab_huawei,0.0,0.0,0.0,0.0,59.55781160362529,0.0051407035581416,0.06730528677378483,0.0
pathwise_2026_2100,20,taiwan_alone,fab_huawei,0.11815278999513099,0.025989386665654673,0.18993377994864566,0.18299376601661185,59.55781160362529,0.12035594866290597,0.09290389224697973,0.004406317335549943
pathwise_2026_2100,30,taiwan_alone,fab_huawei,0.5967547123115949,0.5033554075507739,0.7218275189682801,0.6132022318751023,59.55781160362529,0.5920847691525506,0.09290389224697973,0.07452540626622442
pathwise_2026_2100,5,taiwan_alone,fab_global,0.0,0.0,0.0,0.0,58.35376054056137,0.0,0.0,0.0
pathwise_2026_2100,10,taiwan_alone,fab_global,0.0,0.0,0.0,0.0,58.35376054056137,0.0,0.002789279802939193,0.0
pathwise_2026_2100,15,taiwan_alone,fab_global,0.029305550137374115,0.01835364623851097,0.0,0.05678916215199646,58.35376054056137,0.002789279802939193,0.026154026204183077,0.026516270334434922
pathwise_2026_2100,20,taiwan_alone,fab_global,0.12305990403317038,0.05213165451734041,0.047873268094176934,0.22299941270794427,58.35376054056137,0.09703127002792064,0.06004335783589783,0.05651287081259717
pathwise_2026_2100,30,taiwan_alone,fab_global,0.5657445231473999,0.4825731600733763,0.4738009882763297,0.6855084035554265,58.35376054056137,0.5139408260280767,0.09002045286089268,0.1294883440984858
pathwise_2026_2100,5,taiwan_alone,combined,0.0,0.0,0.0,0.0,49.94330933713964,0.0,0.0,0.0
pathwise_2026_2100,10,taiwan_alone,combined,0.0,0.0,0.0,0.0,49.94330933713964,0.0,0.0,0.0
pathwise_2026_2100,15,taiwan_alone,combined,0.030267698231084956,0.0,0.08430516140475344,0.0075570411277430605,49.94330933713964,0.057891104573026764,0.005502887653917402,0.0
pathwise_2026_2100,20,taiwan_alone,combined,0.34468417420362496,0.4233169610670512,0.2823142071656616,0.33063092988975856,49.94330933713964,0.35644182921070783,0.0390759507464313,0.0
pathwise_2026_2100,30,taiwan_alone,combined,0.7024626784352185,0.8114297945205479,0.7091832210003546,0.5957605829717442,49.94330933713964,0.7014710689767897,0.11635247539137697,0.041033743779739194
